metric,value
MAE_MW,2894.314563087091
RMSE_MW,3681.320613710127
MAPE_pct,5.522092125094634
